"Form","Official form name","Section","Field label","Type","Required?","Our confidence","What the field is for (help text)","Evidence we have","REVIEW — Is this box on the real form? (Y/N)","REVIEW — Correct label / type / required, if wrong","REVIEW — Comments"
"MG1","File Front Sheet (legacy — no longer part of the MG suite)","Case identifiers","Unique Reference Number (URN)","text","Yes","likely — NOT corroborated by our checker","The Unique Reference Number for the case, in the format force code / unit code / sequence / year, e.g. 01AB0123456/24. Every MG form in the suite carries this as a four-box header.","Four-box URN header is documented on the MG2 specimen (MoG 2011 Section 3) and the Home Office guidance requires a PTI URN on every case file — but this has NOT been verified on an MG1 specimen.","","",""
"MG1","File Front Sheet (legacy — no longer part of the MG suite)","Case identifiers","Defendant full name","text","Yes","likely — NOT corroborated by our checker","Full name and personal details of the defendant as charged. On a front sheet these identify the file rather than form part of the evidence.","Practitioner descriptions of the MG1 as the 'front sheet, summary for CPS' carrying the defendant's personal details (BlueLineHub; unverified search snippet). No specimen located.","","",""
"MG1","File Front Sheet (legacy — no longer part of the MG suite)","File details","Type of file","select","Yes","guess — NOT corroborated by our checker","Pre-2011 file categories: Full / Advice / Abbreviated. The modern equivalent is the National File Standard case-file type (charging referral, GAP, NGAP, Crown Court), which is no longer recorded on a form.","Unverified search snippet describing the MG1 ('the type of file (Full/Advice/Abbreviated)'); source page could not be retrieved.","","",""
"MG1","File Front Sheet (legacy — no longer part of the MG suite)","File details","Offence(s) charged","textarea","Yes","guess — NOT corroborated by our checker","The offence(s) for which the defendant was charged, as they appear on the charge sheet (MG4).","Unverified search snippet describing the MG1 ('the offence for which charged'); source page could not be retrieved.","","",""
"MG1","File Front Sheet (legacy — no longer part of the MG suite)","Case identifiers","CRO / PNC reference","text","No","guess — NOT corroborated by our checker","Criminal Records Office / PNC identifier for the defendant, used to tie the file to antecedents.","Unverified search snippet describing the MG1 ('CRO/ASU numbers'); source page could not be retrieved. 'CRO' and 'ASU' are both pre-2000s terminology.","","",""
"MG1","File Front Sheet (legacy — no longer part of the MG suite)","File details","Defence solicitor","textarea","No","guess — NOT corroborated by our checker","Name and firm of the defence solicitor on record, where known at the point of charge.","Unverified search snippet describing the MG1 ('defence solicitor details'); source page could not be retrieved.","","",""
"MG1","File Front Sheet (legacy — no longer part of the MG suite)","File details","Driver / vehicle details (where applicable)","textarea","No","guess — NOT corroborated by our checker","Driving licence and vehicle information, completed only for road traffic cases.","Unverified search snippet describing the MG1 ('driving information where applicable'); source page could not be retrieved.","","",""
"MG2","Special Measures Assessment (printed title: Witness Assessment for Special Measures)","Witness details","Name of witness","text","Yes","documented","Full name of the witness this assessment relates to. One MG2 per witness — where there is more than one vulnerable or intimidated witness, a separate MG2 must be completed for each in an anticipated not-guilty, contested or indictable case. This is NOT the defendant, so it must not auto-populate from case data.","MG2 specimen (MoG 2011 s.3) header box 'Name of witness:'; identical box in the circulating MG2.docx. Completion rule from MoG s.3 guidance notes.","","",""
"MG2","Special Measures Assessment (printed title: Witness Assessment for Special Measures)","Witness details","URN","text","Yes","documented","The Unique Reference Number for the case, e.g. 01AB0123456/24. The form prints it as four boxes: force code / unit code / unique number / year.","MG2 specimen header: 'URN' followed by four separate entry boxes; four FORMTEXT fields in the MG2.docx template.","","",""
"MG2","Special Measures Assessment (printed title: Witness Assessment for Special Measures)","Witness details","Age","number","No","documented","The witness's age. A witness under 18 is automatically eligible as a vulnerable witness under s.16(1)(a) YJCEA 1999, so this drives box (a) below.","MG2 specimen header box 'Age:' — a separate box from date of birth.","","",""
"MG2","Special Measures Assessment (printed title: Witness Assessment for Special Measures)","Witness details","Date of birth","date","Yes","documented","Date of birth of the witness. The form carries both age and date of birth as separate boxes.","MG2 specimen header box 'Date of Birth:'.","","",""
"MG2","Special Measures Assessment (printed title: Witness Assessment for Special Measures)","1. Identification of witness","Vulnerable — youth under 18 (automatically eligible)","checkbox","No","documented","Box (a). Automatic eligibility as a vulnerable witness under s.16(1)(a) YJCEA 1999. Tick every box in this section that applies — it is not an either/or choice.","MG2 specimen section 1, 'Vulnerable' column, box 'a) Youth under 18 *', with '[*automatically eligible]' printed on the section header.","","",""
"MG2","Special Measures Assessment (printed title: Witness Assessment for Special Measures)","1. Identification of witness","Vulnerable — witness with a mental disorder","checkbox","No","documented","Box (b). s.16(2)(a)(i) YJCEA 1999 — a mental disorder within the meaning of the Mental Health Act 1983.","MG2 specimen section 1, box 'b) Witness with a mental disorder'.","","",""
"MG2","Special Measures Assessment (printed title: Witness Assessment for Special Measures)","1. Identification of witness","Vulnerable — witness with learning disabilities","checkbox","No","documented","Box (c). s.16(2)(a)(ii) YJCEA 1999 — significant impairment of intelligence and social functioning.","MG2 specimen section 1, box 'c) Witness with learning disabilities'.","","",""
"MG2","Special Measures Assessment (printed title: Witness Assessment for Special Measures)","1. Identification of witness","Vulnerable — witness with a physical disability or disorder","checkbox","No","documented","Box (d). s.16(2)(b) YJCEA 1999.","MG2 specimen section 1, box 'd) Witness with physical disability/ disorder'.","","",""
"MG2","Special Measures Assessment (printed title: Witness Assessment for Special Measures)","1. Identification of witness","Intimidated — witness in fear or distress about giving evidence","checkbox","No","documented","Box (e). s.17(1) YJCEA 1999 — the quality of the witness's evidence is likely to be diminished by fear or distress about testifying.","MG2 specimen section 1, 'Intimidated' column, box 'e) Witness in fear/distress about giving evidence'.","","",""
"MG2","Special Measures Assessment (printed title: Witness Assessment for Special Measures)","1. Identification of witness","Intimidated — complainant in a sexual case (automatically eligible)","checkbox","No","documented","Box (f). Automatic eligibility under s.17(4) YJCEA 1999. Note the 2010/11 form predates the extension of automatic eligibility to victims of modern slavery (s.17(4)), domestic abuse (s.17(4A)) and Schedule 1A violent offences (s.17(4B)) — where one of those applies and no box fits, say so in section 2.","Box documented on the MG2 specimen ('f) Complainant in sexual case *'). The statutory extensions are documented in CPS Special Measures legal guidance but have NO box on this version of the form.","","",""
"MG2","Special Measures Assessment (printed title: Witness Assessment for Special Measures)","1. Identification of witness","Intimidated — weapons offence","checkbox","No","documented","Box (g). Witness to a gun or knife offence. Automatic eligibility is now governed by s.17(4B) and Schedule 1A YJCEA 1999, which is wider than this box.","MG2 specimen section 1, box 'g) Weapons offence'.","","",""
"MG2","Special Measures Assessment (printed title: Witness Assessment for Special Measures)","2. Eligibility for special measures","Evidence of disorder / impairment or witness fear or distress","textarea","Yes","documented","Explain briefly the nature of the witness's vulnerability. Factors to consider: circumstances of the offence, age of the witness, social and cultural background and ethnic origin, domestic and employment circumstances, religious beliefs or political opinions, and any behaviour towards the witness by the accused, their family or associates. Base this on both the witness's own account and your own observations.","MG2 specimen section 2 box 'Evidence of disorder/impairment or witness fear/distress:'; factor list printed on the form and repeated at MoG s.3 note 3.1.","","",""
"MG2","Special Measures Assessment (printed title: Witness Assessment for Special Measures)","2. Eligibility for special measures","The effect on the evidence","textarea","Yes","documented","Show how special measures are likely to improve the quality of this witness's evidence. Seek expert advice if necessary.","MG2 specimen section 2 box 'The effect on the evidence (seek expert advice if necessary):'.","","",""
"MG2","Special Measures Assessment (printed title: Witness Assessment for Special Measures)","3. Special measures","Screening witness from defendant","checkbox","No","documented","Screens — s.23 YJCEA 1999. Tick each measure likely to maximise, so far as practicable, the quality of the witness's evidence. Explain to the witness first what special measures are and what each would involve for them.","MG2 specimen section 3, box 'Screening witness from defendant'; instruction text printed above the grid.","","",""
"MG2","Special Measures Assessment (printed title: Witness Assessment for Special Measures)","3. Special measures","Evidence by live link","checkbox","No","documented","s.24 YJCEA 1999.","MG2 specimen section 3, box 'Evidence by live link'.","","",""
"MG2","Special Measures Assessment (printed title: Witness Assessment for Special Measures)","3. Special measures","Evidence in private","checkbox","No","documented","Exclusion of persons from the court — s.25 YJCEA 1999.","MG2 specimen section 3, box 'Evidence in private'.","","",""
"MG2","Special Measures Assessment (printed title: Witness Assessment for Special Measures)","3. Special measures","Removal of wigs and gowns","checkbox","No","documented","s.26 YJCEA 1999.","MG2 specimen section 3, box 'Removal of wigs & gowns'.","","",""
"MG2","Special Measures Assessment (printed title: Witness Assessment for Special Measures)","3. Special measures","Visually recorded interview as evidence-in-chief","checkbox","No","documented","s.27 YJCEA 1999 — the ABE interview stands as the witness's evidence-in-chief. The written record of that interview goes on an MG15, not here.","MG2 specimen section 3, box 'Visually recorded interview as evidence-in-chief'. MG15 relationship documented in the Home Office MG form table.","","",""
"MG2","Special Measures Assessment (printed title: Witness Assessment for Special Measures)","3. Special measures","Intermediary","checkbox","No","documented","s.29 YJCEA 1999.","MG2 specimen section 3, box 'Intermediary'.","","",""
"MG2","Special Measures Assessment (printed title: Witness Assessment for Special Measures)","3. Special measures","Aids to communication","checkbox","No","documented","s.30 YJCEA 1999.","MG2 specimen section 3, box 'Aids to communication'.","","",""
"MG2","Special Measures Assessment (printed title: Witness Assessment for Special Measures)","3. Special measures","Pre-recorded cross-examination (s.28)","checkbox","No","likely — NOT corroborated by our checker","s.28 YJCEA 1999 — pre-trial recorded cross-examination in the Crown Court. Include only if the force's current MG2 or DCF template provides for it.","CPS Special Measures legal guidance lists s.28 among the available measures, but there is NO corresponding tick box on the 2010/11 MG2 specimen or in the circulating MG2.docx. Proposed as a gap, not read off a form.","","",""
"MG2","Special Measures Assessment (printed title: Witness Assessment for Special Measures)","4. Witness views","Witness's view on his or her eligibility","textarea","Yes","documented","What the witness — or a person acting on their behalf — has said about being eligible. A court considering a special measures application must take account of all the circumstances and in particular the views of the witness, so record them even if the witness is unsure; do not leave this blank.","MG2 specimen section 4, first bullet 'his/her eligibility?'. 'Essential that the witness is asked for their views' — MoG s.3 note 3.2.","","",""
"MG2","Special Measures Assessment (printed title: Witness Assessment for Special Measures)","4. Witness views","Witness's view on whether special measures would improve the quality of their evidence","textarea","Yes","documented","The witness's own view on whether the measures would help them give better evidence.","MG2 specimen section 4, second bullet 'whether Special Measures would be likely to improve the quality of his/her evidence?'.","","",""
"MG2","Special Measures Assessment (printed title: Witness Assessment for Special Measures)","4. Witness views","Witness's view on the measure(s) proposed","textarea","Yes","documented","Which of the measures ticked in section 3 the witness wants, and any they object to.","MG2 specimen section 4, third bullet 'the measure(s) proposed?'.","","",""
"MG2","Special Measures Assessment (printed title: Witness Assessment for Special Measures)","5. Views of other interested parties","Views of any other interested parties or agencies","textarea","No","documented","e.g. parent or guardian, doctor, social services, school — include contact details and addresses. Complete only where the witness's views can be supported or assisted by such a person. For a child this may cover the carer's view about going to court and how supportive they are, the child's developmental age, linguistic and emotional development (grasp of time intervals may bear on specimen charges), attention span (relevant to requests for breaks), and the child's, carer's and police view on how the child should give evidence.","MG2 specimen section 5 heading and free-text box; the list of what to include is MoG s.3 note 3.3.","","",""
"MG2","Special Measures Assessment (printed title: Witness Assessment for Special Measures)","5. Views of other interested parties","Is there any other supporting material attached?","select","Yes","documented","Yes / No — a drop-down on the form.","MG2 specimen section 5: 'Is there any other supporting material attached? Yes/No'; FORMDROPDOWN in the MG2.docx template.","","",""
"MG2","Special Measures Assessment (printed title: Witness Assessment for Special Measures)","5. Views of other interested parties","If yes, list the supporting material","textarea","No","documented","List each item of supporting material attached to this assessment, e.g. a medical or psychological report.","MG2 specimen section 5: ""If 'Yes' please list:"" followed by a free-text box.","","",""
"MG2","Special Measures Assessment (printed title: Witness Assessment for Special Measures)","6. Special measures meeting","Is a special measures meeting required?","select","Yes","documented","Yes / No. Where a meeting is held, police and prosecutor must keep a record of the discussion and the decisions made, and the police must then tell the witness what was decided.","MG2 specimen section 6: 'Is a Special Measures Meeting required? Yes/No' (FORMDROPDOWN in the template). Record-keeping and feedback duty from CPS Special Measures legal guidance.","","",""
"MG2","Special Measures Assessment (printed title: Witness Assessment for Special Measures)","Assessing officer","Assessing officer name","text","Yes","documented","Name of the officer completing this MG2.","MG2 specimen 'Assessing Officer:' block, box 'Name:'; MoG annotation on the specimen reads 'This is the officer completing the MG2.'","","",""
"MG2","Special Measures Assessment (printed title: Witness Assessment for Special Measures)","Assessing officer","Rank / job title and number","text","Yes","documented","Rank or job title and collar/staff number of the assessing officer.","MG2 specimen box 'Rank / job title & No.:'.","","",""
"MG2","Special Measures Assessment (printed title: Witness Assessment for Special Measures)","Assessing officer","Date of assessment","date","Yes","documented","Date this assessment was completed.","MG2 specimen box 'Date:' in the Assessing Officer block.","","",""
"MG2","Special Measures Assessment (printed title: Witness Assessment for Special Measures)","Assessing officer","Telephone","text","No","documented","Daytime contact number for the assessing officer, so the prosecutor can follow up before making the application.","MG2 specimen box 'Tel.:'.","","",""
"MG2","Special Measures Assessment (printed title: Witness Assessment for Special Measures)","Assessing officer","Mobile","text","No","documented","Mobile number for the assessing officer.","MG2 specimen box 'Mob.:'.","","",""
"MG2","Special Measures Assessment (printed title: Witness Assessment for Special Measures)","Assessing officer","E-mail","text","No","documented","E-mail address for the assessing officer.","MG2 specimen box 'E-mail:'.","","",""
"MG3","Pre-Charge Decision Request (formerly ""Report to Crown Prosecutor for Charging Decision"")","Case and suspect details","Unique Reference Number (URN)","text","Yes","documented","The pre-trial information URN (PTI URN) for the investigation. The CPS will not give written advice without it.","Two Way Interface Business Process 3.4.2.1 — ""the case reference number (PTI URN) (this is mandatory)""; Home Office guidance ""The Crown Prosecution Service will not give written advice unless you give them a URN for the case.""","","",""
"MG3","Pre-Charge Decision Request (formerly ""Report to Crown Prosecutor for Charging Decision"")","Case and suspect details","Arrest/Summons Number (ASN)","text","Yes","documented","The ASN for this suspect. Every pre-charge request must be made against a named suspect who has an ASN; where no suspect is yet named forces use a dummy name and ASN by local convention.","Two Way Interface Business Process 3.4.2.1 and A.1.2 — v2 requests ""must always be sought from the CPS in the context of a named suspect who has an Arrest Summons Number""","","",""
"MG3","Pre-Charge Decision Request (formerly ""Report to Crown Prosecutor for Charging Decision"")","Case and suspect details","Suspect full name","text","Yes","documented","Full name of the suspect the decision is sought for. A suspect appears on one MG3 only; further requests for the same suspect go on an MG3A.","DG6 Annex 4 — ""The suspect(s) ... Personal details: name""; TWI 3.4.2.1 ""suspect details (mandatory)""; TWI 3.4.1 on the one-MG3-per-suspect rule","","",""
"MG3","Pre-Charge Decision Request (formerly ""Report to Crown Prosecutor for Charging Decision"")","Case and suspect details","Suspect date of birth","date","Yes","documented","Date of birth as confirmed by the suspect or verified from custody records.","DG6 Annex 4 — ""date of birth""","","",""
"MG3","Pre-Charge Decision Request (formerly ""Report to Crown Prosecutor for Charging Decision"")","Case and suspect details","Gender","select","No","documented","Recorded where confirmed by the suspect.","DG6 Annex 4 — ""gender"" (footnote: ""This information should be provided in every case where confirmed by a suspect"")","","",""
"MG3","Pre-Charge Decision Request (formerly ""Report to Crown Prosecutor for Charging Decision"")","Case and suspect details","Ethnicity and nationality","text","No","documented","Self-defined ethnicity and nationality of the suspect.","DG6 Annex 4 — ""ethnicity and nationality""","","",""
"MG3","Pre-Charge Decision Request (formerly ""Report to Crown Prosecutor for Charging Decision"")","Case and suspect details","Language / dialect and interpreter requirement","text","No","documented","The main language spoken and any relevant dialect, where an interpreter is required.","DG6 Annex 4 — ""the main language spoken and any relevant dialect, if an interpreter is required""","","",""
"MG3","Pre-Charge Decision Request (formerly ""Report to Crown Prosecutor for Charging Decision"")","Case and suspect details","Mental health issues affecting the decision","textarea","No","documented","Any indication that the suspect has a mental health condition or disorder that may affect the decision to prosecute or the handling of the case.","DG6 Annex 4 — ""any indication that the suspect(s) has a mental health issue that may impact on the decision making or handling of the case""","","",""
"MG3","Pre-Charge Decision Request (formerly ""Report to Crown Prosecutor for Charging Decision"")","Case and suspect details","Date of arrest","date","No","documented","Date of arrest for this suspect. Annex 4 requires both date and time of arrest.","DG6 Annex 4 — ""in respect of each, the date and time of their arrest""","","",""
"MG3","Pre-Charge Decision Request (formerly ""Report to Crown Prosecutor for Charging Decision"")","Case and suspect details","Suspect status","select","Yes","documented","Whether the suspect is in custody, on pre-charge bail, released under investigation, or otherwise released at the time of the referral.","DG6 Annex 4 — ""in respect of each, their status: custody, bail, or otherwise""; CPS guidance that the MG3 should record whether the suspect is on bail or RUI when submitted","","",""
"MG3","Pre-Charge Decision Request (formerly ""Report to Crown Prosecutor for Charging Decision"")","Case and suspect details","PACE clock status","text","No","documented","Current state of the PACE detention clock and its impact on the investigation. Required in all cases where the suspect is in custody.","DG6 Annex 4 — ""the current status of the PACE clock and its impact on the investigation"" (footnote: needed in all cases where the suspect is in custody)","","",""
"MG3","Pre-Charge Decision Request (formerly ""Report to Crown Prosecutor for Charging Decision"")","Case and suspect details","Previous convictions / out-of-court disposals available","checkbox","No","documented","Tick where an up-to-date record of previous convictions, cautions or final warnings accompanies the referral.","TWI 3.4.2.1 — ""a flag indicating previous convictions, final warning etc (optional)""; DG6 Desktop Guide pre-charge table ""An up to date record of previous convictions (MG16)""","","",""
"MG3","Pre-Charge Decision Request (formerly ""Report to Crown Prosecutor for Charging Decision"")","Case and suspect details","Current or pending proceedings","textarea","No","documented","Any live or pending proceedings against the suspect, and any previous similar offending relevant to proof of the offence.","DG6 Annex 4 — ""any current or pending proceedings""; ""any previous similar offending relevant to proof of the offence""","","",""
"MG3","Pre-Charge Decision Request (formerly ""Report to Crown Prosecutor for Charging Decision"")","Referral","Point of investigation at which the decision is sought","select","Yes","documented","The stage the referral is made at. The MG3 enumerates: pre-arrest, post-arrest, post-interview, post bail for further enquiries, and bail for charging decision.","TWI 3.4.1 — ""The police may ask for a pre-charge decision at a number of points during the investigation. These points, as enumerated on the MG3, are: Pre arrest; Post arrest; Post interview; Post bail for further enquiries; Bail for charging decision.""","","",""
"MG3","Pre-Charge Decision Request (formerly ""Report to Crown Prosecutor for Charging Decision"")","Referral","Code Test applied","select","Yes","documented","Whether the referral is made on the Full Code Test or the Threshold Test (or is a request for Early Advice / Prosecution Advice).","Home Office statistics publication — the MG3 records ""whether charges were proposed under the Threshold or Full Code Test""; DG6 4.17 and Annex 4 ""Code Test""","","",""
"MG3","Pre-Charge Decision Request (formerly ""Report to Crown Prosecutor for Charging Decision"")","Referral","Code Test rationale","textarea","Yes","documented","Why both the evidential and public interest stages of the Full Code Test are met; or how each of the five conditions of the Threshold Test is met.","DG6 Annex 4 ""Code Test"" — ""the reasons why both the evidential and public interest stages of the Full Code Test are met; or how each of the 5 conditions of the Threshold Test is met""; DG6 4.17","","",""
"MG3","Pre-Charge Decision Request (formerly ""Report to Crown Prosecutor for Charging Decision"")","Referral","Decision sought","textarea","Yes","documented","An outline of the circumstances and the specific decision or advice sought from the prosecutor, including any other issues on which the prosecutor's decision is sought.","TWI 3.4.2.1 — ""an outline of circumstances and decision sought ... (mandatory)""; DG6 Annex 4 ""any other issues on which the decision of the prosecutor is sought""","","",""
"MG3","Pre-Charge Decision Request (formerly ""Report to Crown Prosecutor for Charging Decision"")","Offence and proposed charges","Case type / flags","text","No","documented","State whether the case is flagged as, e.g., Domestic Abuse, Hate Crime (racist, disability, homophobic, transphobic), or another monitored category.","DG6 Annex 4 — ""case type: state whether it is considered e.g. Domestic Abuse or Hate Crime (Racist incident/Disability Hate Crime/Homophobic/Transphobic etc)""","","",""
"MG3","Pre-Charge Decision Request (formerly ""Report to Crown Prosecutor for Charging Decision"")","Offence and proposed charges","Proposed charges","textarea","Yes","documented","Each proposed charge with its CJS/PNLD offence code and description, one per line. Proposed charges reflect the criminality alleged and may differ from the reasons for arrest.","DG6 Annex 4 — ""the proposed charge(s)""; TWI 4.1.2.4 — each proposed charge comprises a unique id, ""A CJS Code with matching description and offence category"", offence date/range and location; TWI 3.4.3.2 on proposed charges differing from the reasons for arrest","","",""
"MG3","Pre-Charge Decision Request (formerly ""Report to Crown Prosecutor for Charging Decision"")","Offence and proposed charges","Date (or date range) of offence","date","No","documented","The offence date. Where the charges span a period, state the range in the factual summary.","TWI 4.1.2.4 — ""A date, or date range, for the offence""","","",""
"MG3","Pre-Charge Decision Request (formerly ""Report to Crown Prosecutor for Charging Decision"")","Offence and proposed charges","Location of offence","textarea","No","documented","Where the offence took place. The digital equivalent carries up to eight address lines and a postcode.","TWI 4.1.2.4 — ""A location of the offence comprising up to 8 address lines and a postcode""","","",""
"MG3","Pre-Charge Decision Request (formerly ""Report to Crown Prosecutor for Charging Decision"")","Offence and proposed charges","Statutory time limits","text","No","documented","Any statutory time limit affecting the proposed charges, and the date it expires.","DG6 Annex 4 — ""Statutory Time Limits for any of the proposed charges""","","",""
"MG3","Pre-Charge Decision Request (formerly ""Report to Crown Prosecutor for Charging Decision"")","Offence and proposed charges","Consents required","text","No","documented","Any consent needed for the proposed charges, e.g. Attorney General's consent or DPP's consent.","DG6 Annex 4 — ""consents relevant to any proposed charges e.g. A-G's Consent; DPP's Consent""","","",""
"MG3","Pre-Charge Decision Request (formerly ""Report to Crown Prosecutor for Charging Decision"")","Offence and proposed charges","Factual summary","textarea","Yes","documented","A fair and balanced factual summary of the offence. Follow current CPS Best Practice Guidance on the Factual Summary; do not duplicate what is on the MG5.","DG6 Annex 4 — ""factual summary"" (footnote: ""See current CPS Best Practice Guidance on of Factual Summary""); DG6 Desktop Guide pre-charge table ""Factual summary of the offence(s) — MG03/CM01""","","",""
"MG3","Pre-Charge Decision Request (formerly ""Report to Crown Prosecutor for Charging Decision"")","Offence and proposed charges","Identified or likely issues in the case","textarea","Yes","documented","The issues the case is likely to turn on, e.g. identification, consent, self-defence, continuity.","DG6 Annex 4 — ""the identified or likely issues in the case""","","",""
"MG3","Pre-Charge Decision Request (formerly ""Report to Crown Prosecutor for Charging Decision"")","Offence and proposed charges","Suspect's account and understanding of the defence case","textarea","Yes","documented","The current understanding of the defence case and any explanation offered by the suspect. If interviewed, set out the questions asked that go to the points to prove and the identified issues, with the suspect's response (including no comment) in direct speech, not paraphrased. If not interviewed, give the reasons for that decision.","DG6 Annex 4 — ""the current understanding of the defence case, including any explanation offered by the suspect...""; ""if the suspect was interviewed, details of the questions asked relevant to the points to prove and identified issues... including the suspect's response (including no comment)"" (footnote: ""The questions and answers should be in direct speech and not paraphrased""); ""if the suspect was not interviewed, details of the reasons for that decision""","","",""
"MG3","Pre-Charge Decision Request (formerly ""Report to Crown Prosecutor for Charging Decision"")","Offence and proposed charges","Analysis of strengths and weaknesses","textarea","Yes","documented","An objective analysis of the strengths and weaknesses of the case, not just the points in favour of charging.","DG6 Annex 4 — ""an analysis of the strengths and weaknesses of the case""","","",""
"MG3","Pre-Charge Decision Request (formerly ""Report to Crown Prosecutor for Charging Decision"")","Offence and proposed charges","Anticipated plea and rationale","textarea","No","documented","The anticipated plea and the reasoning behind that view. For either-way cases, include the basis for treating the case as an anticipated guilty plea suitable for sentence in the magistrates' court.","DG6 Annex 4 — ""the anticipated plea and the rationale for that view""; DG6 4.8 (basis for treating an either-way case as an anticipated guilty plea)","","",""
"MG3","Pre-Charge Decision Request (formerly ""Report to Crown Prosecutor for Charging Decision"")","Offence and proposed charges","s.70 POCA committal sought","checkbox","No","documented","Tick to confirm a s.70 Proceeds of Crime Act 2002 committal should be sought to obtain a confiscation order, even where the offences are summary only.","DG6 Annex 4 — ""confirmation of whether a s.70 POCA committal should be sought in order to obtain a confiscation order, even if there are only summary only offences""","","",""
"MG3","Pre-Charge Decision Request (formerly ""Report to Crown Prosecutor for Charging Decision"")","The investigation","Reasonable lines of enquiry completed","textarea","Yes","documented","The reasonable lines of enquiry already conducted, including those that may assist the defence, and the results of those enquiries.","DG6 Annex 4 ""The investigation"" — ""the reasonable lines of inquiry already conducted, including those that may assist the defence, and the results of those inquiries""","","",""
"MG3","Pre-Charge Decision Request (formerly ""Report to Crown Prosecutor for Charging Decision"")","The investigation","Lines of enquiry not being pursued","textarea","No","documented","Lines of enquiry that will not be pursued and the rationale for that decision.","DG6 Annex 4 — ""the lines of inquiry which will not be pursued and the rationale for that decision""","","",""
"MG3","Pre-Charge Decision Request (formerly ""Report to Crown Prosecutor for Charging Decision"")","The investigation","Outstanding lines of enquiry","textarea","No","documented","Reasonable lines of enquiry still outstanding, with timescales for completion and an objective assessment of their likely impact on the decision to charge.","DG6 Annex 4 — ""any reasonable lines of inquiry which remain outstanding, together with timescales for completion of those inquiries and an objective assessment of the likely impact of those inquiries on the decision to charge""","","",""
"MG3","Pre-Charge Decision Request (formerly ""Report to Crown Prosecutor for Charging Decision"")","The investigation","Material subject to examination","textarea","No","documented","For mobile devices, social media accounts, audio-visual and third party material: the purpose and potential impact of any examination, why it is reasonable, whether consent was obtained, the examination strategy and parameters (including keywords and date/time ranges), and why anything was returned or left unexamined.","DG6 Annex 4 ""Material subject to examination"" — full itemised list","","",""
"MG3","Pre-Charge Decision Request (formerly ""Report to Crown Prosecutor for Charging Decision"")","The investigation","Outstanding evidence","textarea","No","documented","Outstanding audio-visual, bad character, communications, forensic, identification or medical evidence: its nature, any target date, and any issues affecting availability.","DG6 Annex 4 ""Outstanding evidence"" — ""the nature of the outstanding material; any target date by which it will be available; any issues that may affect its availability""","","",""
"MG3","Pre-Charge Decision Request (formerly ""Report to Crown Prosecutor for Charging Decision"")","The investigation","Explanation of any delay","textarea","No","documented","Explain any delay between the offence date, the commencement of the investigation and this referral.","DG6 Annex 4 — ""an explanation for any delay between the offence date, commencement of the investigation and the referral to the CPS""","","",""
"MG3","Pre-Charge Decision Request (formerly ""Report to Crown Prosecutor for Charging Decision"")","The investigation","Linked suspects and investigations","textarea","No","documented","The status of any linked offender (pending arrest/interview, charged with court dates, dealt with by out-of-court disposal, no action) and of any linked investigation.","DG6 Annex 4 — ""the status of any linked offenders... the status of any linked investigation""; DG6 Desktop Guide ""Details of any linked suspect/offender""","","",""
"MG3","Pre-Charge Decision Request (formerly ""Report to Crown Prosecutor for Charging Decision"")","Victims and witnesses","Victim and witness issues","textarea","No","documented","Whether any victim or witness has failed to engage, refused a statement, will not support a prosecution or may not attend, and their relevance; and for a repeat victim, a summary of previous incidents.","DG6 Annex 4 ""Victims and witnesses"" — itemised list including repeat victims","","",""
"MG3","Pre-Charge Decision Request (formerly ""Report to Crown Prosecutor for Charging Decision"")","Victims and witnesses","Special measures assessment","select","No","documented","Whether any victim or witness is vulnerable or intimidated, the basis of eligibility, and whether a special measures assessment (MG2) is attached.","DG6 Annex 4 — ""where any victim or witness is vulnerable or intimidated, the basis of eligibility for special measure; and a special measures assessment""; DG6 Desktop Guide ""Any special measures applications (MG02)""","","",""
"MG3","Pre-Charge Decision Request (formerly ""Report to Crown Prosecutor for Charging Decision"")","Victims and witnesses","Victim Personal Statement status","select","No","documented","Whether a VPS (or business/community impact statement) has been offered, and whether it has been taken, is yet to be taken, is to be read out, is to be read by the victim, or has been declined.","DG6 Annex 4 — ""whether a Victim Personal Statement (VPS/ISB/CIS) has been offered and: has been taken or is yet to be taken; is to be read out; is to be read out by the victim; has been declined by the victim""","","",""
"MG3","Pre-Charge Decision Request (formerly ""Report to Crown Prosecutor for Charging Decision"")","Other considerations","Other considerations","textarea","No","documented","Matters of local or public interest, other confidential information, whether any sources of information require protecting, and the views of the investigating officer.","DG6 Annex 4 ""Other considerations"" — ""any matters of local or public interest; any other confidential information; any views of the investigating officer""; and under ""The investigation"", ""whether any sources of information require protecting""","","",""
"MG3","Pre-Charge Decision Request (formerly ""Report to Crown Prosecutor for Charging Decision"")","Disclosure and assurance","Information about potentially disclosable material","textarea","No","documented","Information about any material identified as potentially undermining the prosecution case or assisting the defence, with the investigator's rationale, where the unused material schedules cannot be provided with the referral.","DG6 Annex 3 — ""information about any material identified as potentially undermining the prosecution case or assisting the defence, in addition to the investigators' rationale""; DG6 Desktop Guide ""Information regarding any material that could undermine""","","",""
"MG3","Pre-Charge Decision Request (formerly ""Report to Crown Prosecutor for Charging Decision"")","Disclosure and assurance","Disclosure impact assurance given","checkbox","Yes","documented","Confirms specific assurance that the impact of potentially disclosable material on the decision to charge has been considered, including unexamined material and material obtainable through further reasonable lines of enquiry.","DG6 4.21 and Annex 4 ""Compliance and assurance"" — ""there has been consideration of the impact of potentially disclosable material on the decision to charge, including any unexamined material, or material that could be obtained through further reasonable lines of inquiry""","","",""
"MG3","Pre-Charge Decision Request (formerly ""Report to Crown Prosecutor for Charging Decision"")","Disclosure and assurance","Quality assurance confirmed","checkbox","Yes","documented","Confirms the referral has been subject to quality assurance and is submitted in compliance with the Director's Guidance on Charging.","DG6 Annex 4 ""Compliance and assurance"" — ""the referral has been subject to quality assurance and that the material and information is submitted in compliance with this guidance""; DG6 4.21","","",""
"MG3","Pre-Charge Decision Request (formerly ""Report to Crown Prosecutor for Charging Decision"")","Certification and contact","Officer in the case","text","Yes","documented","Name, rank/collar number and location of the officer in the case.","DG6 Annex 4 ""Contact details"" — ""name, location, e-mail and contact telephone number for the officer in the case""; DG6 Desktop Guide ""certification and contact details for the officer in the case (MG3/CM01)""","","",""
"MG3","Pre-Charge Decision Request (formerly ""Report to Crown Prosecutor for Charging Decision"")","Certification and contact","Officer email address","text","Yes","documented","Email address for the officer in the case, for return of the charging decision and any action plan.","DG6 Annex 4 ""Contact details"" — ""e-mail""","","",""
"MG3","Pre-Charge Decision Request (formerly ""Report to Crown Prosecutor for Charging Decision"")","Certification and contact","Officer contact telephone number","text","No","documented","Daytime contact number for the officer in the case.","DG6 Annex 4 ""Contact details"" — ""contact telephone number""","","",""
"MG3","Pre-Charge Decision Request (formerly ""Report to Crown Prosecutor for Charging Decision"")","Certification and contact","Supervising officer (authorising the referral)","text","Yes","documented","Name and rank of the supervisor who signs off the referral. The investigator completes the form and the supervisor signs it before submission.","Home Office guidance MG03 — ""You, as the investigator, complete the form and your supervisor signs it""; TWI 3.4.2.1 — ""the officer seeking the decision and their supervising officer (mandatory)""","","",""
"MG3","Pre-Charge Decision Request (formerly ""Report to Crown Prosecutor for Charging Decision"")","Certification and contact","Material provided with the referral","textarea","No","documented","List of the evidential material sent to the CPS with this request, e.g. witness statements, exhibits, ROTI, crime report, checklists and risk assessments.","TWI 3.4.2.1 — ""a list of material provided to the CPS e.g. a reference to a witness statement (optional)""; DG6 Annex 3 ""MATERIAL REQUIRED FOR A CHARGING DECISION""","","",""
"MG3","Pre-Charge Decision Request (formerly ""Report to Crown Prosecutor for Charging Decision"")","Prosecutor's decision (CPS use)","Prosecutor's decision","select","No","documented","The charging decision recorded by the prosecutor: prosecute, out-of-court disposal (e.g. conditional caution), no further action on evidential grounds, no further action on public interest grounds, or further information required under an action plan.","TWI 3.4.1 and 3.4.2.2 — the four outcomes and per-suspect disposal decision; Home Office guidance MG03 — ""The lawyer records their advice and decisions on the form and returns it to you""","","",""
"MG3","Pre-Charge Decision Request (formerly ""Report to Crown Prosecutor for Charging Decision"")","Prosecutor's decision (CPS use)","Charges authorised","textarea","No","documented","The charges the prosecutor authorises to be put to the suspect, with the full offence wording where the prosecutor has provided it. The custody/charging sergeant will ask to see the authorised charging decision before charge.","TWI 3.4.2.2 — the response ""will include the charges the CPS Duty Prosecutor wants the police to put to the suspect... may optionally include the full offence wording (the particulars of the charge) based on standard PNLD templates""; Home Office guidance — ""The police sergeant authorising a charge against a suspect will ask to see the authorised charging decision.""","","",""
"MG3","Pre-Charge Decision Request (formerly ""Report to Crown Prosecutor for Charging Decision"")","Prosecutor's decision (CPS use)","Rationale for the decision","textarea","No","documented","The prosecutor's explanation of the decision, proportionate to the strength of the evidence and the issues in the case, including the analysis of sufficiency of evidence and public interest.","DG6 4.26 — ""Prosecutors will explain the rationale for their decision. The explanation will be proportionate to the strength of the evidence and the issues in the case""; TWI 3.4.3.4 — ""the analysis supporting the decision""","","",""
"MG3","Pre-Charge Decision Request (formerly ""Report to Crown Prosecutor for Charging Decision"")","Prosecutor's decision (CPS use)","Shared action plan","textarea","No","documented","Further actions required of the police, with the rationale for each and agreed timescales. Each action must be linked to an issue in the case — evidential, case progression or sentence.","DG6 4.27 — ""prosecutors will set out any further actions they require the police to take in a shared action plan... They will also set out the rationale for any such actions""; DG6 para 2 ""There must be a justification for each action linked to an issue in the case — evidential; case progression or sentence""; TWI 3.4.3.4 ""an action plan with a review date(s)""","","",""
"MG3","Pre-Charge Decision Request (formerly ""Report to Crown Prosecutor for Charging Decision"")","Prosecutor's decision (CPS use)","Action plan review date","date","No","documented","The date by which the action plan is to be reviewed or the requested work completed.","TWI 3.4.3.4 — ""if necessary an action plan with a review date(s)""","","",""
"MG3","Pre-Charge Decision Request (formerly ""Report to Crown Prosecutor for Charging Decision"")","Prosecutor's decision (CPS use)","Are you satisfied that all reasonable lines of enquiry have been considered?","select","No","documented","A mandated disclosure question added to the MG3 in June 2019, which the prosecutor must answer as part of the charging decision.","HMCPSI 2020 disclosure inspection, para 4.36 — ""As of the end of June 2019, the MG3 compels the prosecutor to consider disclosure actions and issues and mandates the prosecutor to answer the following questions: Are you satisfied that all reasonable lines of enquiry have been considered?""","","",""
"MG3","Pre-Charge Decision Request (formerly ""Report to Crown Prosecutor for Charging Decision"")","Prosecutor's decision (CPS use)","Did the police identify/record/provide all relevant information about unused/unexamined material?","select","No","documented","The second mandated disclosure question added to the MG3 in June 2019. Where the answer is no, the failing should be fed back to the police.","HMCPSI 2020 disclosure inspection, para 4.36 — quoted verbatim as the second mandated question","","",""
"MG3","Pre-Charge Decision Request (formerly ""Report to Crown Prosecutor for Charging Decision"")","Prosecutor's decision (CPS use)","Prosecutor's disclosure assurance","checkbox","No","documented","Confirms the prosecutor has considered the impact of potentially disclosable material on the decision to charge, including unexamined material and material obtainable through further reasonable lines of enquiry.","DG6 4.28 — ""Prosecutors will also record, as part of their charging decision, a specific assurance that they have considered the impact of potentially disclosable material on the decision to charge""","","",""
"MG3","Pre-Charge Decision Request (formerly ""Report to Crown Prosecutor for Charging Decision"")","Prosecutor's decision (CPS use)","Prosecutor name","text","No","documented","Name of the prosecutor who made the decision.","TWI A.1.3 — the response provides ""Structured information relating to the Duty Prosecutor that made the decision""","","",""
"MG3","Pre-Charge Decision Request (formerly ""Report to Crown Prosecutor for Charging Decision"")","Prosecutor's decision (CPS use)","Prosecutor grade","text","No","likely — NOT corroborated by our checker","Grade of the deciding prosecutor. Grade matters because some decisions are reserved (e.g. NFA on public interest grounds is taken by a Senior Crown Prosecutor, and appeals go to a District Crown Prosecutor).","inference — from TWI A.1.3 ""structured information relating to the Duty Prosecutor"" together with DG6 footnote 20 and 4.31 reserving decisions to SCP/DCP grades; the specific box is not documented","","",""
"MG3","Pre-Charge Decision Request (formerly ""Report to Crown Prosecutor for Charging Decision"")","Prosecutor's decision (CPS use)","Date and time of decision","date","No","likely — NOT corroborated by our checker","When the decision was given. Timeliness is measured against the CPS/police service level agreement, and against the PACE clock where the suspect is detained.","inference — from DG6 4.26 (""in accordance with agreed timescales"", footnote 37 SLA) and 4.5 (timing of decisions against the PACE clock); the specific box is not documented","","",""
"MG4","Charge Sheet (printed heading ""CHARGE(S)""; called ""Charge record"" in the Manual of Guidance and ""MG 4 - Charges"" in CPS CMS)","Person charged","Surname","text","Yes","documented","Surname of the person charged, as printed on the form's ""Surname:"" line.","MG4 (2010/11) printed label ""Surname:""","","",""
"MG4","Charge Sheet (printed heading ""CHARGE(S)""; called ""Charge record"" in the Manual of Guidance and ""MG 4 - Charges"" in CPS CMS)","Person charged","Forename(s)","text","Yes","documented","All forenames of the person charged — the Manual of Guidance requires ALL forenames to be included.","MG4 (2010/11) printed label ""Forename(s):""; Manual of Guidance 2011 annotation ""Include ALL forenames""","","",""
"MG4","Charge Sheet (printed heading ""CHARGE(S)""; called ""Charge record"" in the Manual of Guidance and ""MG 4 - Charges"" in CPS CMS)","Person charged","Address","textarea","Yes","documented","Current address of the person charged, for service of documents.","MG4 (2010/11) printed label ""Address:"" with three ruled continuation lines","","",""
"MG4","Charge Sheet (printed heading ""CHARGE(S)""; called ""Charge record"" in the Manual of Guidance and ""MG 4 - Charges"" in CPS CMS)","Person charged","Postcode","text","Yes","documented","Postcode for the address given.","MG4 (2010/11) printed label ""Postcode:""","","",""
"MG4","Charge Sheet (printed heading ""CHARGE(S)""; called ""Charge record"" in the Manual of Guidance and ""MG 4 - Charges"" in CPS CMS)","Person charged","Date of birth","date","Yes","documented","Date of birth of the person charged, from the custody record.","MG4 (2010/11) boxed field ""Date of birth""","","",""
"MG4","Charge Sheet (printed heading ""CHARGE(S)""; called ""Charge record"" in the Manual of Guidance and ""MG 4 - Charges"" in CPS CMS)","Person charged","Gender","select","No","documented","Recorded on the form as an M or F tick box.","MG4 (2010/11) tick boxes ""M"" / ""F""","","",""
"MG4","Charge Sheet (printed heading ""CHARGE(S)""; called ""Charge record"" in the Manual of Guidance and ""MG 4 - Charges"" in CPS CMS)","Person charged","Ethnicity code","text","No","documented","Ethnicity recorded using the PNC code and the 16-point self-determined system, as the form directs.","MG4 (2010/11) printed label ""Ethnicity Code: PNC / 16-point self-determined system""","","",""
"MG4","Charge Sheet (printed heading ""CHARGE(S)""; called ""Charge record"" in the Manual of Guidance and ""MG 4 - Charges"" in CPS CMS)","Person charged","Contact telephone number","text","No","documented","Contact number for the person charged.","MG4 (2010/11) printed label ""Contact telephone number:""","","",""
"MG4","Charge Sheet (printed heading ""CHARGE(S)""; called ""Charge record"" in the Manual of Guidance and ""MG 4 - Charges"" in CPS CMS)","Case identifiers","Custody number","text","Yes","documented","Custody record number for this detention. The MG4 forms part of the custody record.","MG4 (2010/11) boxed field ""Custody No.""; copy-distribution footer includes ""Custody record""","","",""
"MG4","Charge Sheet (printed heading ""CHARGE(S)""; called ""Charge record"" in the Manual of Guidance and ""MG 4 - Charges"" in CPS CMS)","Case identifiers","Unique Reference Number (URN)","text","Yes","documented","The URN for the case, e.g. 01AB0123456/24.","MG4 (2010/11) boxed field ""URN""","","",""
"MG4","Charge Sheet (printed heading ""CHARGE(S)""; called ""Charge record"" in the Manual of Guidance and ""MG 4 - Charges"" in CPS CMS)","Case identifiers","Arrest/Summons Number (A/S No.)","text","Yes","documented","The ASN for this person. It must relate to this particular suspect and match the number used in the pre-charge referral.","MG4 (2010/11) boxed field ""A/S No.""; Manual of Guidance 2011 annotation ""Arrest/Summons number must relate to this particular suspect""; TWI 3.4.2.3 (the ASN on charge is the same one used pre-charge)","","",""
"MG4","Charge Sheet (printed heading ""CHARGE(S)""; called ""Charge record"" in the Manual of Guidance and ""MG 4 - Charges"" in CPS CMS)","Case identifiers","First arrest date","date","No","documented","Date of first arrest for the matter being charged.","MG4 (2010/11) printed label ""First arrest date:""","","",""
"MG4","Charge Sheet (printed heading ""CHARGE(S)""; called ""Charge record"" in the Manual of Guidance and ""MG 4 - Charges"" in CPS CMS)","Case identifiers","Prolific or other priority offender (PPO)","checkbox","No","documented","Tick where the person charged is managed as a prolific or other priority offender.","MG4 (2010/11) tick box ""PPO""","","",""
"MG4","Charge Sheet (printed heading ""CHARGE(S)""; called ""Charge record"" in the Manual of Guidance and ""MG 4 - Charges"" in CPS CMS)","Case identifiers","Youth offender (YO)","checkbox","No","documented","Tick where the person charged is a youth. A youth charge also requires an appropriate adult signature below.","MG4 (2010/11) tick box ""YO"" and the ""Signed (appropriate adult)"" lines","","",""
"MG4","Charge Sheet (printed heading ""CHARGE(S)""; called ""Charge record"" in the Manual of Guidance and ""MG 4 - Charges"" in CPS CMS)","Interpreter","Interpreter language / dialect","text","No","documented","Language and dialect required. Include the dialect where appropriate, to aid provision of an interpreter at court.","MG4 (2010/11) printed label ""Interpreter: language/dialect""; Manual of Guidance 2011 annotation ""Include dialect where appropriate to aid provision of interpreter at court""","","",""
"MG4","Charge Sheet (printed heading ""CHARGE(S)""; called ""Charge record"" in the Manual of Guidance and ""MG 4 - Charges"" in CPS CMS)","Interpreter","Name of interpreter","text","No","documented","Name of the interpreter present at charge.","MG4 (2010/11) printed label ""Name of interpreter""","","",""
"MG4","Charge Sheet (printed heading ""CHARGE(S)""; called ""Charge record"" in the Manual of Guidance and ""MG 4 - Charges"" in CPS CMS)","Charges","The person charged has been cautioned in the terms printed on the form","checkbox","Yes","documented","The MG4 carries fixed pre-printed wording immediately above the charge table: ""You are charged with the offence(s) shown below. You do not have to say anything. But it may harm your defence if you do not mention now, something which you later rely on in court. Anything you do say may be given in evidence."" Treat this like the MG11 declaration — render the wording read-only and have the officer confirm it, never store it as a field value.","MG4 (2010/11) pre-printed wording, quoted verbatim from the template","","",""
"MG4","Charge Sheet (printed heading ""CHARGE(S)""; called ""Charge record"" in the Manual of Guidance and ""MG 4 - Charges"" in CPS CMS)","Charges","Charges","textarea","Yes","documented","Each charge on its own line, numbered sequentially. Charge wording must follow the precise wording held on the Police National Legal Database (PNLD). Additional charges continue the same numbering sequence.","MG4 (2010/11) charge table columns ""Sequential No. | Charge(s) | CCCJS Offence Code""; Manual of Guidance 2011 annotations ""Charges must follow the precise wording contained on the Police National Legal Database"", ""Charges should be numbered sequentially"", ""Additional charges should be numbered in sequence following on from the first set of charges""","","",""
"MG4","Charge Sheet (printed heading ""CHARGE(S)""; called ""Charge record"" in the Manual of Guidance and ""MG 4 - Charges"" in CPS CMS)","Charges","CJS offence codes","textarea","No","documented","The CCCJS/CJS offence code for each charge, in the same order as the charges above.","MG4 (2010/11) charge table column ""CCCJS Offence Code""; TWI 4.1.2.4 (""A CJS Code with matching description and offence category"")","","",""
"MG4","Charge Sheet (printed heading ""CHARGE(S)""; called ""Charge record"" in the Manual of Guidance and ""MG 4 - Charges"" in CPS CMS)","Charges","Specimen or additional charges","checkbox","No","documented","Tick where these are specimen or additional charges — the Manual of Guidance requires this to be clearly marked at the top of the form.","Manual of Guidance 2011 annotation on the MG4: ""If SPECIMEN OR ADDITIONAL charges, this should be clearly marked at the top of the form""","","",""
"MG4","Charge Sheet (printed heading ""CHARGE(S)""; called ""Charge record"" in the Manual of Guidance and ""MG 4 - Charges"" in CPS CMS)","Charges","Continuation charges","checkbox","No","documented","Tick where charges continue on a further MG4 sheet.","MG4 (2010/11) printed field ""Continuation charges: Yes / No""","","",""
"MG4","Charge Sheet (printed heading ""CHARGE(S)""; called ""Charge record"" in the Manual of Guidance and ""MG 4 - Charges"" in CPS CMS)","Charges","Reply (if any)","textarea","No","documented","Any reply made after charge, recorded verbatim and contemporaneously. Leave blank if no reply was made.","MG4 (2010/11) printed label ""Reply (if any):""; Manual of Guidance 2011 annotation ""Record any reply after charge contemporaneously""; Home Office guidance MG04 (""their reply after charge"")","","",""
"MG4","Charge Sheet (printed heading ""CHARGE(S)""; called ""Charge record"" in the Manual of Guidance and ""MG 4 - Charges"" in CPS CMS)","Signatures and officers","Signature of person charged (typed name)","text","Yes","documented","Typed name standing in for the signature of the person charged. Signing acknowledges receipt of the charge, not guilt.","MG4 (2010/11) printed label ""Signed (person charged):""","","",""
"MG4","Charge Sheet (printed heading ""CHARGE(S)""; called ""Charge record"" in the Manual of Guidance and ""MG 4 - Charges"" in CPS CMS)","Signatures and officers","Signature of appropriate adult (typed name)","text","No","documented","Typed name of the appropriate adult, where the person charged is a youth or a vulnerable adult.","MG4 (2010/11) printed label ""Signed (appropriate adult):""","","",""
"MG4","Charge Sheet (printed heading ""CHARGE(S)""; called ""Charge record"" in the Manual of Guidance and ""MG 4 - Charges"" in CPS CMS)","Signatures and officers","Officer charging","text","Yes","documented","Surname, rank, collar number and station of the officer who preferred the charge.","MG4 (2010/11) printed labels ""Officer charging Surname: ... Rank: ... No. ... Station:""","","",""
"MG4","Charge Sheet (printed heading ""CHARGE(S)""; called ""Charge record"" in the Manual of Guidance and ""MG 4 - Charges"" in CPS CMS)","Signatures and officers","Officer in the case","text","Yes","documented","Surname, rank or job title, number and station of the officer in the case.","MG4 (2010/11) printed labels ""Officer in case Surname: ... Rank/Job title: ... No. ... Station:""","","",""
"MG4","Charge Sheet (printed heading ""CHARGE(S)""; called ""Charge record"" in the Manual of Guidance and ""MG 4 - Charges"" in CPS CMS)","Signatures and officers","Charge accepted by","text","Yes","documented","Surname, rank or job title and number of the custody officer who accepted the charge. This is the custody sergeant's authorisation block.","MG4 (2010/11) printed labels ""Charge acepted [sic] Surname: ... Rank/Job title: ... No. ...""; Home Office guidance MG04 (""The custody sergeant uses this form..."")","","",""
"MG4","Charge Sheet (printed heading ""CHARGE(S)""; called ""Charge record"" in the Manual of Guidance and ""MG 4 - Charges"" in CPS CMS)","Signatures and officers","Time charged","time","Yes","documented","Time the charge was accepted, from the custody record. Relevant to the PACE clock.","MG4 (2010/11) ""Charge acepted ... Time: ...""","","",""
"MG4","Charge Sheet (printed heading ""CHARGE(S)""; called ""Charge record"" in the Manual of Guidance and ""MG 4 - Charges"" in CPS CMS)","Signatures and officers","Date charged","date","Yes","documented","Date the charge was accepted.","MG4 (2010/11) ""Charge acepted ... Date: ...""","","",""
"MG4","Charge Sheet (printed heading ""CHARGE(S)""; called ""Charge record"" in the Manual of Guidance and ""MG 4 - Charges"" in CPS CMS)","Post-charge unconditional bail","Unconditional bail granted after charge","checkbox","No","documented","This panel is for post-charge UNCONDITIONAL bail only. For pre-charge bail, conditional bail or any variation use the MG4A; where a surety or security is taken also complete the MG4C. Do not record bail conditions on the MG4.","MG4 (2010/11) panel heading ""FOR POST-CHARGE UNCONDITIONAL BAIL ONLY (for all other types of bail use MG4A)""; Home Office guidance MG04 (""the grant of unconditional bail following charge"") and MG04A/MG04C entries","","",""
"MG4","Charge Sheet (printed heading ""CHARGE(S)""; called ""Charge record"" in the Manual of Guidance and ""MG 4 - Charges"" in CPS CMS)","Post-charge unconditional bail","Court","text","No","documented","The Magistrates' Court or Youth Court the person must surrender to.","MG4 (2010/11) pre-printed wording ""I understand that I am granted bail and must surrender to the custody of ... Magistrates' / Youth Court""","","",""
"MG4","Charge Sheet (printed heading ""CHARGE(S)""; called ""Charge record"" in the Manual of Guidance and ""MG 4 - Charges"" in CPS CMS)","Post-charge unconditional bail","Court address","textarea","No","documented","Full address of the court, as the form requires.","MG4 (2010/11) printed label ""at (full address)""","","",""
"MG4","Charge Sheet (printed heading ""CHARGE(S)""; called ""Charge record"" in the Manual of Guidance and ""MG 4 - Charges"" in CPS CMS)","Post-charge unconditional bail","First hearing date","date","No","documented","Date the person bailed must attend court.","MG4 (2010/11) printed label ""on ...""; TWI A.1.4 (the MG4-equivalent CM03 carries ""Next hearing information for the case"", mandatory)","","",""
"MG4","Charge Sheet (printed heading ""CHARGE(S)""; called ""Charge record"" in the Manual of Guidance and ""MG 4 - Charges"" in CPS CMS)","Post-charge unconditional bail","First hearing time","time","No","documented","Time of the first hearing.","MG4 (2010/11) printed label ""time ...""","","",""
"MG4","Charge Sheet (printed heading ""CHARGE(S)""; called ""Charge record"" in the Manual of Guidance and ""MG 4 - Charges"" in CPS CMS)","Post-charge unconditional bail","Signature of person bailed (typed name)","text","No","documented","Typed name standing in for the signature of the person bailed, acknowledging the bail undertaking and the consequences of failing to surrender. An appropriate adult also signs where applicable.","MG4 (2010/11) printed labels ""Signed (person bailed):"" and ""Signed (appropriate adult):"", following the pre-printed warning that failure to surrender may be an offence punishable by fine or imprisonment","","",""
"MG4","Charge Sheet (printed heading ""CHARGE(S)""; called ""Charge record"" in the Manual of Guidance and ""MG 4 - Charges"" in CPS CMS)","Post-charge unconditional bail","Officer granting bail","text","No","documented","Surname, rank, number and the time and date of the grant of bail.","MG4 (2010/11) printed labels ""Officer granting: Surname: ... Rank: ... No: ... Time: ... Date: ...""","","",""
"MG4","Charge Sheet (printed heading ""CHARGE(S)""; called ""Charge record"" in the Manual of Guidance and ""MG 4 - Charges"" in CPS CMS)","Case identifiers","Defence solicitor","text","No","likely","Solicitor representing the person charged, where known. Not a box on the paper MG4, but the digital charge message that replaces it carries defence solicitor details.","inference — TWI A.1.4 and 3.4.2.3: the CM03 (""similar to the MG4"") carries ""Defence solicitor information for the suspect"" (optional). No corresponding box appears on the 2010/11 paper MG4.","","",""
"MG6","Case File Evidence and Information","Case details","URN","text","Yes","documented","The Unique Reference Number for the case, entered in the segmented URN box at the head of the form, e.g. 01AB0123456/24.","MG6 specimen (bbpolice.uk/uploads/MG6.pdf) page 1 header 'URN'; identical in its-training-uk MG6.docx","","",""
"MG6","Case File Evidence and Information","Case details","Defendant full name","text","Yes","documented","The defendant named in the 'R v' box at the head of the form. Only one MG6 is completed per file, whatever the number of defendants.","MG6 specimen page 1 'R v' header; Manual of Guidance 2011 s.3, MG6 Guidance Note 1 (one MG6 per file)","","",""
"MG6","Case File Evidence and Information","1. Medical evidence","Medical evidence — injuries and evidence required","textarea","No","documented","Physical or psychiatric injuries of the defendant, victim or witness, and what medical evidence is required or has been requested.","MG6 specimen box 1: 'Medical Evidence: (Physical or psychiatric injuries of defendant / victim / witness)'","","",""
"MG6","Case File Evidence and Information","1. Medical evidence","Target date for obtaining medical evidence","date","No","documented","If medical evidence is required in this case, the target date for obtaining it. This date enables a charging decision to be made; the 2001 ACPO / CPS / BMA Accident and Emergency protocol applies to statements from hospital staff. This is a forward-looking target, so do not validate it as a past date.","MG6 specimen box 1 target-date question; Manual of Guidance 2011 s.3, MG6 Guidance Note 5 and the marginal note 'Target date for medical statements is important as it enables a charging decision to be made'","","",""
"MG6","Case File Evidence and Information","2. Forensic evidence","Forensic evidence","textarea","No","documented","Forensic evidence submitted or to be submitted for examination. Attach a copy of the MG21 / MG21A (forensic submission) to the MG6.","MG6 specimen box 2: 'Forensic evidence: (attach copy of MG21 / MG21A)'","","",""
"MG6","Case File Evidence and Information","2. Forensic evidence","Target date for forensic results","date","No","documented","If forensic evidence has been submitted for examination, the target date for the results. The delivery date is recorded at section 12 of the MG21. Forward-looking target date.","MG6 specimen box 2 target-date question; Manual of Guidance 2011 s.3, MG6 Guidance Note 6","","",""
"MG6","Case File Evidence and Information","3. Visually recorded material","Has all visually recorded material in police possession been viewed and copied?","select","No","documented","Covers CCTV, photographs, visually recorded interviews and body-worn video already held. Answer No if any held material is still to be viewed or copied.","MG6 specimen box 3a: 'Has all visually recorded material currently in police possession been viewed and copied?' with Yes/No answer space and 'If No, give a target date'","","",""
"MG6","Case File Evidence and Information","3. Visually recorded material","Target date for viewing / copying visual material","date","No","documented","If the answer above is No, the target date by which viewing and copying will be completed. Copying from multiplex systems, particularly discs obtained from private or commercial premises, is a frequent source of delay. Forward-looking target date.","MG6 specimen box 3a; Manual of Guidance 2011 s.3, MG6 Guidance Note 7","","",""
"MG6","Case File Evidence and Information","3. Visually recorded material","Additional visual material to be obtained","textarea","No","documented","If there is further visual material still to be obtained, state what it is and give a target date for obtaining it.","MG6 specimen box 3b: 'If there is additional visual material to be obtained, state what it is and give a target date for obtaining it'","","",""
"MG6","Case File Evidence and Information","4. Disclosure","Is there any relevant material that may undermine the prosecution case or assist the defence case?","select","No","documented","The CPIA 1996 disclosure test applied to material known to the investigator. Where such material exists a note must be made here to advise the prosecutor and a copy of the material provided to them.","MG6 specimen box 4a; National Disclosure Standards 2018 paras 2.1.6 and 2.2.1","","",""
"MG6","Case File Evidence and Information","4. Disclosure","Details of undermining / assisting material","textarea","No","documented","If Yes, provide details. Typical examples from the National Disclosure Standards are a key prosecution witness with relevant previous convictions, or a witness who has withdrawn their statement. Also record here material relevant to bail or sentence that should be disclosed in the interests of justice (R v DPP, ex parte Lee; Beaney and King).","MG6 specimen box 4a 'If Yes, provide details'; National Disclosure Standards 2018 para 2.2.1; Manual of Guidance 2011 s.3, MG6 Guidance Notes 12-13","","",""
"MG6","Case File Evidence and Information","4. Disclosure","Is there any relevant third party material?","select","No","documented","Third party material is material belonging to people or organisations outside the prosecution team.","MG6 specimen box 4b","","",""
"MG6","Case File Evidence and Information","4. Disclosure","Third party material — what it is and who holds it","textarea","No","documented","If Yes, give brief details of what the material is and who has it, e.g. social services, the local authority, owners of CCTV material, forensic experts, police surgeons, GPs or hospital doctors.","MG6 specimen box 4b and its printed footnote defining third party material","","",""
"MG6","Case File Evidence and Information","5. Victim(s) / witness(es)","Are there any outstanding witness statements to be obtained?","select","No","documented","Statements identified as needed but not yet taken.","MG6 specimen box 5a","","",""
"MG6","Case File Evidence and Information","5. Victim(s) / witness(es)","Target date for outstanding statements","date","No","documented","If Yes, the target date for completion of the outstanding statements. Forward-looking target date.","MG6 specimen box 5a 'If Yes, give a target date for completion'","","",""
"MG6","Case File Evidence and Information","5. Victim(s) / witness(es)","Anticipated not-guilty plea: are there vulnerable / intimidated witnesses?","select","No","documented","If Yes, complete an MG2 (witness assessment for special measures). Child witnesses and victims automatically qualify for special measures.","MG6 specimen box 5b; Manual of Guidance 2011 s.3, MG6 Guidance Note 8","","",""
"MG6","Case File Evidence and Information","5. Victim(s) / witness(es)","Will a Special Measures meeting be required?","select","No","documented","Consult the CPS if unsure — the form carries that instruction against this box.","MG6 specimen box 5c, including the printed note '[*consult with CPS if unsure]'","","",""
"MG6","Case File Evidence and Information","5. Victim(s) / witness(es)","Witnesses who have refused to give a statement","textarea","No","documented","Give the name and address of any witness who has refused, and state their role or involvement. Add any reason or opinion as to why they refused and what evidence they could give: this may become relevant in cross-examination if they are called as a defence witness.","MG6 specimen box 5d; Manual of Guidance 2011 s.3, MG6 Guidance Note 9","","",""
"MG6","Case File Evidence and Information","6. Other offenders","Others yet to be arrested and interviewed","textarea","No","documented","Name, address and offence details of anyone else involved in the incident who is still to be arrested and interviewed, with the enquiries made and likely timescales for further enquiries.","MG6 specimen box 6a; Manual of Guidance 2011 s.3, MG6 Guidance Note 10","","",""
"MG6","Case File Evidence and Information","6. Other offenders","Others yet to be charged","textarea","No","documented","Name, address and offence details of anyone arrested and bailed who is likely to be charged with an offence linked to this case, including those charged with ancillary or unrelated offences who may later face a joint or related charge.","MG6 specimen box 6b; Manual of Guidance 2011 s.3, MG6 Guidance Note 10","","",""
"MG6","Case File Evidence and Information","6. Other offenders","Others dealt with by another out of court disposal","textarea","No","documented","Anyone involved in the same incident who was cautioned, conditionally cautioned, given a final warning or reprimand, or given a PND — with brief details and the reason that course was taken rather than prosecution.","MG6 specimen box 6c; Manual of Guidance 2011 s.3, MG6 Guidance Note 10","","",""
"MG6","Case File Evidence and Information","6. Other offenders","Others charged","textarea","No","documented","Anyone involved in the same incident who has been charged — whether or not a co-defendant — who will be connected to this file later or is being dealt with separately.","MG6 specimen box 6d; Manual of Guidance 2011 s.3, MG6 Guidance Note 10","","",""
"MG6","Case File Evidence and Information","7. Local / public interest","Are there any matters of local or public interest?","select","No","documented","Consider community issues and impact statements, and force or partnership priorities.","MG6 specimen box 7","","",""
"MG6","Case File Evidence and Information","7. Local / public interest","Local / public interest details","textarea","No","documented","If Yes, give details. Particular regard should be given to cases involving racist motivation where there are grounds to fear racial intimidation.","MG6 specimen box 7 'If Yes, give details'; Manual of Guidance 2011 s.3, MG6 Guidance Note 11","","",""
"MG6","Case File Evidence and Information","8. Proceeds of crime / asset recovery","Is POCA or other asset recovery being considered?","select","No","documented","Covers applications for confiscation or restraint orders, compensation, deprivation or forfeiture, and referral to the Financial Investigation Unit. The CPS needs to know at the earliest opportunity whether the defendant is a candidate for a POCA application and what stage enquiries have reached.","MG6 specimen box 8; Manual of Guidance 2011 s.3 marginal note on the MG6 POCA section","","",""
"MG6","Case File Evidence and Information","8. Proceeds of crime / asset recovery","POCA details and timetable","textarea","No","documented","If Yes, provide details and the timetable for submission of the necessary information to the CPS.","MG6 specimen box 8 'If yes, provide details and timetable for submission of necessary information to CPS'","","",""
"MG6","Case File Evidence and Information","8. Proceeds of crime / asset recovery","Financial Investigation Unit contact number","text","No","documented","Contact number for the Financial Investigation Unit dealing with the case.","MG6 specimen box 8: 'Contact number for Financial Investigation Unit dealing:'","","",""
"MG6","Case File Evidence and Information","9. Additional information","Additional information","textarea","No","documented","Any other relevant information not catered for by the other sections. The Manual of Guidance gives as an example prosecution witnesses who were themselves involved in the offence and could be classed as accomplices. The guidance is expressly not exhaustive and officers may use this section to express opinions.","MG6 specimen box 9; Manual of Guidance 2011 s.3, MG6 Guidance Notes 4 and 11","","",""
"MG6","Case File Evidence and Information","Completion","Date MG6 completed","date","Yes","documented","The date this MG6 was completed.","MG6 specimen page 2: 'Date MG6 completed:'","","",""
"MG6","Case File Evidence and Information","Rationale for police charging decision","Evidential test applied","select","No","documented","Complete this section only where the charging decision is the police's own and the Director's Guidance on Charging requires the rationale to be evidenced on an MG6 — on the 2010/11 form, paragraph 4 (Full Code Test, anticipated not-guilty plea summary-only offence where the suspect raised a specific defence or denied the offence) or paragraph 18 (Threshold Test, imprisonable summary-only offence). The specimen cites Guidance v4; the current version is the sixth edition (December 2020).","MG6 specimen page 2 'Evidential test applied: Full code Test [ ] Threshold Test [ ]' with the two Word checkboxes; Manual of Guidance 2011 s.3, MG6 Guidance Note 14; Director's Guidance on Charging sixth edition","","",""
"MG6","Case File Evidence and Information","Rationale for police charging decision","Charge(s)","textarea","No","documented","The charge or charges to which the recorded rationale relates. (Non-police prosecutors' versions of the form label this box 'Allegation(s)'.)","MG6 specimen page 2 'Charge(s):'; its-training-uk MG6.docx variant 'Allegation(s)'","","",""
"MG6","Case File Evidence and Information","Rationale for police charging decision","Evidential criteria","textarea","No","documented","Comment on the evidential status of any witness, i.e. whether they are 'key' or not; the interview(s) conducted; and whether a guilty or not-guilty plea is anticipated.","MG6 specimen page 2 box 'Evidential criteria (comment on evidential status of any witness i.e. ""key"" or not; interview(s) conducted; whether ""guilty""/""not guilty"" plea anticipated)'","","",""
"MG6","Case File Evidence and Information","Rationale for police charging decision","Public interest","textarea","No","documented","The reason why the public interest requires a prosecution rather than any other disposal.","MG6 specimen page 2 'Public Interest:'; Manual of Guidance 2011 s.3, MG6 Guidance Note 14","","",""
"MG6","Case File Evidence and Information","Rationale for police charging decision","Unused material","textarea","No","documented","Comment on the documentation that should be retained and included on the MG6 schedules (MG6C / MG6D), and specify any information that should be disclosed to assist the defence in the early preparation of their case.","MG6 specimen page 2 box 'Unused material (comment on the documentation that should be retained and included on the MG6 schedules; specify any information which should be disclosed to assist the defence in the early preparation of their case)'","","",""
"MG6","Case File Evidence and Information","Rationale for police charging decision","Witness / victim issues","textarea","No","documented","Whether a Victim Personal Statement has been made; whether a witness summons should be sought if a witness retracts their statement; and whether a Special Measures application is required.","MG6 specimen page 2 box 'Witness/Victim issues (Victim personal statement made?; state whether a witness summons should be sought if witness retracts statement or if a Special Measures application is required)'","","",""
"MG6","Case File Evidence and Information","Rationale for police charging decision","Charging decision maker","text","No","documented","Name, rank and number, or job title, of the person who made the charging decision.","MG6 specimen page 2 'Charging Decision maker (name, rank & No./Job title):'","","",""
"MG6","Case File Evidence and Information","Rationale for police charging decision","Date of charging decision","date","No","documented","Date the charging decision recorded above was made.","MG6 specimen page 2 'Date:' alongside the charging decision maker box","","",""
"MG6","Case File Evidence and Information","Remand in custody — witness intimidation","Defendant full name (remand page)","text","No","documented","Page 3 is detached and handed to court staff to accompany the detainee to prison, so it repeats the defendant's name and the URN. A separate copy must be completed for each defendant for whom a remand in custody is sought, because co-defendants may be sent to different prisons and pose different threats.","MG6 specimen page 3 'Defendant full name:' and URN box; Manual of Guidance 2011 s.3, MG6 Guidance Note 2","","",""
"MG6","Case File Evidence and Information","Remand in custody — witness intimidation","Defendant date of birth (remand page)","date","No","documented","Date of birth as it appears on the custody record, used by prison staff to identify the detainee.","MG6 specimen page 3 'Defendant date of birth:'","","",""
"MG6","Case File Evidence and Information","Remand in custody — witness intimidation","Victim(s) / witness(es) the prisoner must not contact","textarea","No","documented","Names and contact details of the victims or witnesses the prisoner must be prevented from contacting by telephone, letter or visit because there is a risk of intimidation; show the age of anyone under 18. These contact details must not be disclosed to the prisoner. This section must be completed in all cases where a remand in custody is to be applied for and there is a risk of intimidation, in addition to the MG7. See the Prison Service Instruction on tackling witness intimidation by remand prisoners.","MG6 specimen page 3 numbered list 1-6 with the heading 'Name(s) and contact details of victim(s) and/or witness(es): (If under 18 years old, show age)' and the surrounding MUST/DO NOT instructions; Manual of Guidance 2011 s.3 marginal note and Guidance Note 2","","",""
"MG6","Case File Evidence and Information","Remand in custody — witness intimidation","Date (remand page)","date","No","documented","Date the remand / intimidation page was completed.","MG6 specimen page 3 'Date:' at the foot of the intimidation list","","",""
"MG12","Exhibit List","Case details","URN","text","Yes","documented","The Unique Reference Number for the case, entered in the segmented URN box at the head of the form, e.g. 01AB0123456/24.","MG12 specimen (bbpolice.uk/uploads/MG12.pdf) header 'URN'; identical in its-training-uk MG12.docx","","",""
"MG12","Exhibit List","Case details","Defendant full name","text","Yes","documented","The defendant named in the 'R v' box at the head of the form.","MG12 specimen header 'R v'","","",""
"MG12","Exhibit List","Exhibits (printed form has 12 rows; these five fields repeat per exhibit)","Police property reference","text","No","documented","The number used to identify the property in the police property store or property system.","MG12 specimen column 1 heading; Manual of Guidance 2011 s.3 marginal note 'Insert the number used to identify the property in the police property store/system'","","",""
"MG12","Exhibit List","Exhibits (printed form has 12 rows; these five fields repeat per exhibit)","Brief description of item (indicate if copy)","text","No","documented","A short description of the item, stating whether what is provided is a copy. List items in the order in which they appear in the statements. Consider photocopying non-documentary items such as knives so the prosecutor can see them.","MG12 specimen column 2 heading 'Brief description of item (indicate if copy)'; Manual of Guidance 2011 s.3 marginal notes on ordering and photocopying","","",""
"MG12","Exhibit List","Exhibits (printed form has 12 rows; these five fields repeat per exhibit)","Exhibit reference no.","text","No","documented","The exhibit reference: the initials of the person producing the item plus a sequential number, e.g. WR1, WR2. Where two producers share initials, use the second letter of the family name to distinguish them — Walter Roberts becomes WRo1, William Richards WRi1.","MG12 specimen column 3 heading; Manual of Guidance 2011 s.3 marginal note giving the WR1 / WRo1 / WRi1 convention","","",""
"MG12","Exhibit List","Exhibits (printed form has 12 rows; these five fields repeat per exhibit)","Person producing","text","No","documented","The person who produces the exhibit in evidence — the same person whose initials form the exhibit reference.","MG12 specimen: 'Person producing and current location of exhibit' column with the printed sub-label 'Person producing:' in every row","","",""
"MG12","Exhibit List","Exhibits (printed form has 12 rows; these five fields repeat per exhibit)","Current location of exhibit","text","No","documented","Where the exhibit is now. Accurate location information is vital so that the item can be found by people other than the officers involved in the case.","MG12 specimen: printed sub-label 'Current location:' in every row; Manual of Guidance 2011 s.3 marginal note on the importance of accurate current location","","",""
"MG12","Exhibit List","Exhibits (printed form has 12 rows; these five fields repeat per exhibit)","Exhibit attached","checkbox","No","documented","Tick where the exhibit itself is submitted with the file. Police retain originals until the CPS requests them.","MG12 specimen '*' column with the legend '* Check box if exhibit attached'; Manual of Guidance 2011 s.3 marginal note 'Tick if the original exhibit is submitted with the file. Police should retain originals until requested by the CPS'","","",""
"MG12","Exhibit List","Completion","Date of completion","date","Yes","documented","Date this exhibit list was completed. Dating the form lets the CPS and supervisors work out the chronological order of submissions where further items are exhibited later; additional exhibits are added to an MG12 as they become known, marked 'ADDITIONAL', and sent to the CPS under cover of an MG20.","MG12 specimen footer 'Date of completion:'; Manual of Guidance 2011 s.3 marginal notes on dating the form and on 'ADDITIONAL' exhibits forwarded under MG20","","",""
"MG14","Conditional Caution","Offender details","Offender surname","text","Yes","documented","Surname of the person to be cautioned, in block capitals.","MG14.docx box 'Offender surname'; 2013 form 'Offender surname:'","","",""
"MG14","Conditional Caution","Offender details","Forename(s)","text","Yes","documented","All forenames of the person to be cautioned.","MG14.docx box 'Forename(s)'","","",""
"MG14","Conditional Caution","Offender details","Date of birth","date","Yes","documented","Date of birth as verified from custody or identity records. Age determines whether the appropriate adult and YOT sections below must be completed.","MG14.docx box 'Date of birth'; 2013 form 'D.O.B:'","","",""
"MG14","Conditional Caution","Offender details","Gender","select","No","documented","As recorded on the custody or occurrence record. The 2013 form offered a Male / Female dropdown only.","MG14.docx box 'Gender'; 2013 form FORMDROPDOWN with entries 'Male', 'Female'","","",""
"MG14","Conditional Caution","Offender details","Ethnicity code","text","No","documented","Ethnicity code as recorded on PNC. The 2013 form carried two separate boxes — the PNC code and the self-defined 16+1 code (British W1, Irish W2, Any other white W9, White/Black Caribbean M1 … Any other ethnic group O9, Not stated); the 2026 template has a single box.","MG14.docx box 'Ethnicity code'; 2013 form 'Ethnicity Code: PNC:' and '(16 + 1):' with the full 16+1 dropdown list","","",""
"MG14","Conditional Caution","Offender details","PNC No.","text","No","documented — NOT corroborated by our checker","Police National Computer identifier for the offender, where one exists.","MG14.docx box 'PNC No.'","","",""
"MG14","Conditional Caution","Offender details","A/S No.","text","No","documented","Arrest/summons number for this disposal.","MG14.docx box 'A/S No.'; 2013 form 'A/S No.'","","",""
"MG14","Conditional Caution","Offender details","URN","text","Yes","documented","The Unique Reference Number for the case, e.g. 01AB0123456/24. On the printed form this is four separate boxes (force, station, sequence, year). Safe to map to the case `urn`.","MG14.docx box 'URN'; 2013 form 'URN' followed by four FORMTEXT boxes","","",""
"MG14","Conditional Caution","Offender details","Address","textarea","Yes","documented","The offender's normal place of residence. The declaration obliges them to report any change of address, so record it precisely.","MG14.docx box 'Address'","","",""
"MG14","Conditional Caution","Offender details","Postcode","text","Yes","documented","Postcode for the address above.","MG14.docx box 'Postcode'","","",""
"MG14","Conditional Caution","Offender details","Contact details","textarea","No","documented","One contact per line as 'type — detail', e.g. 'Mobile — 07700 900123'. The printed form is a three-row table with columns 'Contact Type' and 'Detail'; the 2013 form had fixed 'Tel: (home)' and 'Mobile:' boxes instead.","MG14.docx table headed 'Contact details:' with columns 'Contact Type' / 'Detail'; 2013 form 'Tel: (home)' and 'Mobile:'","","",""
"MG14","Conditional Caution","Appropriate adult and YOT (young offenders only)","Appropriate adult — name","text","No","documented","Complete this section only where the offender is a young person. Name of the appropriate adult present when the caution was administered.","MG14.docx section 'To be completed where the offender is a young person' → 'Appropriate Adult' → 'Name'","","",""
"MG14","Conditional Caution","Appropriate adult and YOT (young offenders only)","Appropriate adult — relationship to offender","text","No","documented","How the appropriate adult is related to the young person, e.g. 'Mother', 'Social worker'.","MG14.docx box 'Relationship' under 'Appropriate Adult'","","",""
"MG14","Conditional Caution","Appropriate adult and YOT (young offenders only)","Appropriate adult — address","textarea","No","documented","Address of the appropriate adult.","MG14.docx box 'Address' under 'Appropriate Adult'","","",""
"MG14","Conditional Caution","Appropriate adult and YOT (young offenders only)","Appropriate adult — contact details","textarea","No","documented","One contact per line as 'type — detail'. The printed form is a two-row 'Contact Type' / 'Detail' table; the 2013 form had a single 'Telephone/Mobile Number:' box.","MG14.docx table 'Appropriate Adult contact details:' with columns 'Contact Type' / 'Detail'; 2013 form 'Telephone/Mobile Number:'","","",""
"MG14","Conditional Caution","Appropriate adult and YOT (young offenders only)","Appointed YOT worker — name","text","No","documented","Name of the Youth Offending Team worker appointed to the young person.","MG14.docx 'Appointed YOT Worker' → 'Name'","","",""
"MG14","Conditional Caution","Appropriate adult and YOT (young offenders only)","Appointed YOT worker — telephone","text","No","documented","Contact number for the appointed YOT worker.","MG14.docx 'Appointed YOT Worker' → 'Telephone'","","",""
"MG14","Conditional Caution","Details of the offence(s)","Details of the offence(s)","textarea","Yes","documented","One offence per line: sequential number, the offence stated as if charged, the CCCJS offence code, and the Act and section, e.g. '1 — On 04/03/26 at Chester assaulted Jane SMITH by beating — 00801 — s.39 Criminal Justice Act 1988'. Include the date(s) of offence and arrest — there is no separate date box. This is the 'details of the offence' the offender must sign to under s.23(4) CJA 2003.","MG14.docx section 'Details of the offence(s)', note 'Include facts as if charged, date(s) of offence / arrest.', table columns 'Sequential No.' / 'Offence' / 'CCCJS Offence Code' / 'Act / Section'","","",""
"MG14","Conditional Caution","Conditions","Conditions","textarea","Yes","documented","One condition per line: the condition, the compliance requirement (including completion and progress check dates), and the evidence required to prove compliance. Conditions must be rehabilitative, reparative or punitive (ss.22–23A CJA 2003). The printed form allows four numbered conditions.","MG14.docx section 'Conditions', lead-in 'I agree to comply with the following conditions of the caution:', table columns 'Condition(s)' / 'Compliance requirements (including completion / progress check dates)' / 'Evidence required'","","",""
"MG14","Conditional Caution","Conditions","Date condition set","date","Yes","documented — NOT corroborated by our checker","Date the conditions were set and agreed with the offender.","MG14.docx box 'Date condition set'","","",""
"MG14","Conditional Caution","Conditions","Date condition is to be met","date","Yes","documented — NOT corroborated by our checker","The date by which the offender must have complied. MoJ guidance allows up to 16 weeks; some forces set a shorter period (Cheshire recommends 12 weeks or less) so that a prosecution file can still be submitted inside any statutory time limit for summary offences.","MG14.docx box 'Date condition is to be met'; Cheshire procedure para 2.3.7 on the 16-week / 12-week periods","","",""
"MG14","Conditional Caution","Conditions","Contact details for reporting compliance with the conditions","text","Yes","documented","Who the offender reports compliance to, and how. The declaration requires them to notify this contact without delay if they cannot comply or change address.","MG14.docx box 'Contact details for reporting compliance with the conditions'","","",""
"MG14","Conditional Caution","Offender declaration","The offender has read the declaration above and confirms it","checkbox","Yes","documented","The offender declaration is fixed wording printed on the form and should be rendered read-only above this checkbox, as with the MG11 s.9 declaration. It opens 'I admit to the offence(s) and understand I have the right to legal advice.' and covers liability to prosecution for non-compliance, retention and future disclosure of the caution, DBS/barring consequences under the Safeguarding Vulnerable Groups Act 2006, Sex Offenders Register notification under Sch.3 Sexual Offences Act 2003, and the victim's right to bring a private prosecution or civil action. It is the s.23(4) CJA 2003 admission and consent, so it is never optional.","MG14.docx section 'Offender Declaration — I understand the following:' and its nine bullets; s.23(4) CJA 2003","","",""
"MG14","Conditional Caution","Offender declaration","Signature of person cautioned (typed name)","text","Yes","documented","Typed name standing in for the offender's signature in this draft. Without the signature there is no valid conditional caution (s.23(4) CJA 2003).","MG14.docx box 'Signature of person cautioned'; 2013 form 'Signature of person cautioned:' with 'Date:'","","",""
"MG14","Conditional Caution","Offender declaration","Signature of appropriate adult (where applicable)","text","No","documented","Typed name of the appropriate adult, where the offender is a young person or otherwise requires one under the PACE Codes.","MG14.docx box 'Signature of appropriate adult (where applicable)'","","",""
"MG14","Conditional Caution","Administration","Caution administered by","text","Yes","documented","Name of the officer or authorised person who administered the caution. Forces normally require a sergeant or higher.","MG14.docx box 'Caution administered by'; Cheshire procedure 2.5.4 on the rank requirement","","",""
"MG14","Conditional Caution","Administration","Rank & No. / job title","text","No","documented","Rank and collar number, or job title for a non-warranted authorised person. Present on the 2013 form as 'Rank & No. / Job title:'; not printed on the June 2026 template, so treat as optional until the client's in-use version is confirmed.","2013 MG14 'Caution administered by: … Rank & No. / Job title:' — NOT present in MG14.docx (June 2026)","","",""
"MG14","Conditional Caution","Administration","Station","text","Yes","documented","Station of the administering officer. Conditional cautions should be administered at a police station or custody suite other than in exceptional circumstances.","MG14.docx box 'Station'","","",""
"MG14","Conditional Caution","Administration","Telephone No.","text","No","documented","Contact number for the administering officer.","MG14.docx box 'Telephone No.'","","",""
"MG14","Conditional Caution","Administration","Signature of administering officer (typed name)","text","Yes","documented","Typed name standing in for the administering officer's signature. A copy of the completed, signed form must be given to the offender.","MG14.docx box 'Signature' in the administration block; Cheshire procedure 2.5.4 'Sergeant signs the … MG14 INITIAL and give a copy of the completed form to the offender'","","",""
"MG14","Conditional Caution","Administration","Date administered","date","Yes","documented","Date the conditional caution was administered.","MG14.docx box 'Date' in the administration block","","",""
"MG14","Conditional Caution","Finalisation (on the review date)","Conditions completed satisfactorily?","select","No","documented","Completed on the review date by the officer in the case or authorised person: whether the conditions have or have not been completed satisfactorily, with any supporting evidence attached. Printed on the 2013 form; dropped from the June 2026 template, and forces such as Cheshire capture it in a separate 'MG14 FINAL' document generated from NICHE. Non-compliance without reasonable excuse may lead to prosecution for the original offence.","2013 MG14 'For completion by the Officer in the Case / authorised person on the review date' — 'I hereby certify that the conditions shown above have / have not been completed satisfactorily (attach any relevant evidence in support of this).'; Cheshire procedure 2.4.2 'Update Custody or VA record Disposal by completing MG14 ""FINAL"" document'","","",""
"MG14","Conditional Caution","Finalisation (on the review date)","Name of officer / authorised person finalising the caution","text","No","documented","Name, rank and number (or job title) of whoever certifies the outcome on the review date. 2013 form only — see the note on the field above.","2013 MG14 'Name of officer / authorised person finalising the caution:' with 'Rank & No. / Job title:', 'Station:', 'Signature:', 'Tel. No:'","","",""
"MG14","Conditional Caution","Finalisation (on the review date)","Date finalised","date","No","documented","Date the caution was finalised as complete or not complied with. 2013 form only.","2013 MG14 'Date:' in the finalisation block","","",""
"MG15","Interview Record","Interview details","Type of record","select","Yes","documented","Which kind of interview record this is. The 2026 template set ships one file per type (ROTI, ROVI, Contemporaneous Notes, SDN, Voluntary Interview) and the type is printed as a subtitle under 'RECORD OF INTERVIEW'; the 2010/11 form used a dropdown and live force versions add 'Index of Interview with VIW'. Options: 'Record of Tape-Recorded Interview (ROTI)', 'Record of Video-Recorded Interview (ROVI)', 'Contemporaneous Notes', 'Short Descriptive Note (SDN)', 'Voluntary Interview', 'Index of Interview with VIW'.","MG15 (2026) subtitles across the five templates; 2010/11 MG15 dropdown entries 'Contemporaneous Note', 'ROTI', 'ROVI', 'SDN'; Wiltshire MG15(T) 'Enter type:' option list","","",""
"MG15","Interview Record","Interview details","URN","text","Yes","documented","The Unique Reference Number for the case, e.g. 01AB0123456/24. Printed as four boxes (force, station, sequence, year). Safe to map to the case `urn`.","MG15 (2026) box 'URN'; 2010/11 MG15 'URN' followed by four FORMTEXT boxes","","",""
"MG15","Interview Record","Interview details","Person interviewed","text","Yes","documented","Full name of the person interviewed, surname in block capitals. Do NOT auto-populate this from the defendant: MG15 is equally the record of a visually recorded interview with a vulnerable or intimidated witness, so prefilling the defendant would name the wrong person — the same hazard already documented for MG16 `subjectName`.","MG15 (2026) box 'Person interviewed:'; ONS 2020/21 'Person interviewed:'; Wiltshire MG15(T) 'Person Interviewed:'; official MoG purpose statement covering suspect and VIW interviews","","",""
"MG15","Interview Record","Interview details","Police Exhibit No.","text","Yes","documented","Exhibit reference for this record, which is itself produced as an exhibit by the interviewer or transcriber, e.g. 'AB/1'.","MG15 (2026) box 'Police Exhibit No.:'; ONS 2020/21 'Exhibit No:'; Wiltshire MG15(T) 'Police Exhibit No:'","","",""
"MG15","Interview Record","Interview details","Place of interview","text","Yes","documented","Where the interview took place, e.g. 'Interview room 2, Chester custody suite' or 'Salisbury Library — private room'.","MG15 (2026) box 'Place of interview:'; ONS 2020/21; Wiltshire MG15(T)","","",""
"MG15","Interview Record","Interview details","Number of pages","number","No","documented","Total number of pages in the completed record, including continuation sheets (MG15 Cont / MG15M Cont).","MG15 (2026) box 'Number of pages:'; Wiltshire MG15(T) 'Number of Pages:'","","",""
"MG15","Interview Record","Interview details","Date of interview","date","Yes","documented","Date the recorded interview took place. The 2026 template combines this with the start time in a single 'Date / time interview commenced' box; earlier versions print a separate 'Date of interview'.","2010/11 MG15 'Date of interview:'; ONS 2020/21 'Date of interview:'; Wiltshire MG15(T) 'Date of Interview:'; MG15 (2026) 'Date / time interview commenced:'","","",""
"MG15","Interview Record","Interview details","Time interview commenced","time","Yes","documented","Time the recording commenced, as announced on the recording.","MG15 (2026) 'Date / time interview commenced:'; 2010/11 MG15 'Time commenced:'; ONS 2020/21; Wiltshire MG15(T) 'Time Commenced:'","","",""
"MG15","Interview Record","Interview details","Time interview concluded","time","Yes","documented","Time the recording concluded.","MG15 (2026) 'Date / time interview concluded:'; 2010/11 MG15 'Time concluded:'; ONS 2020/21; Wiltshire MG15(T) 'Time Concluded:'","","",""
"MG15","Interview Record","Interview details","Duration of interview","text","No","documented","Total length of the recorded interview, e.g. '54 mins'. Recorded as free text on the form rather than derived, because breaks are excluded.","MG15 (2026) box 'Duration of interview:'; ONS 2020/21; Wiltshire MG15(T) '54 MINS'","","",""
"MG15","Interview Record","Interview details","Interview reference no(s).","text","No","documented — NOT corroborated by our checker","Reference numbers of the audio or visual recordings the record is taken from, one per line. The 2010/11 form and live force versions print two separate boxes, 'Audio tape reference nos.' and 'Visual image reference nos.'; the 2026 template merges them.","MG15 (2026) box 'Interview reference no(s).:'; 2010/11 MG15 'Audio tape reference nos.:' and 'Visual image reference nos.:'; Wiltshire MG15(T) same pair","","",""
"MG15","Interview Record","Interview details","Interviewer(s)","text","Yes","documented","Name, rank and collar number of each interviewing officer, as identified on the recording.","MG15 (2026) box 'Interviewer(s):'; 2010/11 MG15; ONS 2020/21; Wiltshire MG15(T) 'Interviewer(s):'","","",""
"MG15","Interview Record","Interview details","Other persons present","textarea","No","documented","Everyone else present and their role — solicitor, appropriate adult, interpreter, intermediary, second officer — one per line.","MG15 (2026) box 'Other persons present:'; 2010/11 MG15; ONS 2020/21; Wiltshire MG15(T) 'Other Persons Present:'","","",""
"MG15","Interview Record","Record of interview","Record of interview","textarea","Yes","documented","The body of the record, one turn per line as 'counter/time — speaker — text', e.g. '10:39 — DC 1234 JONES — Are we recording?'. The printed form is a three-column table: 'Tape counter / time', 'Person speaking', 'Text'. Include the caution and the opening announcements — they are transcribed in the body, not captured in a separate box. For a ROTI or SDN, follow local transcription standards for what is quoted verbatim and what is summarised; significant admissions and denials should be verbatim.","MG15 (2026) table columns 'Tape counter / time' / 'Person speaking' / 'Text'; 2010/11 MG15 'Tape counter times' / 'Person speaking' / 'Text'; ONS 2020/21 'Question number' / 'Person speaking' / 'Text', with the caution transcribed as line 1","","",""
"MG15","Interview Record","Certification","Signature (interviewer) — typed name","text","Yes","documented","Typed name standing in for the signature of the interviewer producing this record as an exhibit. Earlier versions label this 'Signature of interviewer/transcriber producing exhibit'.","MG15 (2026) box 'Signature (interviewer)'; 2010/11 MG15 'Signature of interviewer/transcriber producing exhibit'; ONS 2020/21 'Signature of transcriber producing exhibit'; Wiltshire MG15(T) 'Signature of interviewer producing exhibit:'","","",""
"MG15","Interview Record","Certification","Signature (other) — typed name","text","No","documented — NOT corroborated by our checker","Typed name for the second signature block on the form. Whose signature this is — second interviewer, transcriber, or the person interviewed — is not stated on the template and should be settled with a disclosure officer before this is relied on.","MG15 (2026) box 'Signature (other)'; 2010/11 MG15 footer 'Signature(s):'","","",""
"MG15","Interview Record","Certification","Date","date","Yes","documented — NOT corroborated by our checker","Date the record was signed and produced as an exhibit — often later than the interview date, since the recording is typed up afterwards under local procedures.","MG15 (2026) box 'Date' in the signature block","","",""
"MG16","Bad Character or Dangerous Offender Information","Case details","Defendant's full name","text","Yes","documented","Full name of the defendant, as charged or proposed to be charged. MG16 concerns the defendant only — there is no non-defendant version of this form, so this can be prefilled from the case file defendant.","criminaljusticehub MG16 .docx templates (box 'Defendant's full name'), corroborated by the bbpolice MG16 2010/11 specimen and the form title 'EVIDENCE OF DEFENDANT'S BAD CHARACTER…'","","",""
"MG16","Bad Character or Dangerous Offender Information","Case details","URN","text","Yes","documented","The Unique Reference Number for the case, e.g. 01AB0123456/24.","criminaljusticehub MG16 .docx templates (box 'URN'; the MG16_Bad_Chr variant combines it as 'URN / A/S No.')","","",""
"MG16","Bad Character or Dangerous Offender Information","Case details","A/S No.","text","No","documented","Arrest/summons number for the defendant, as it appears on the custody record and charge sheet.","criminaljusticehub MG16 .docx templates (box 'A/S No.')","","",""
"MG16","Bad Character or Dangerous Offender Information","Type of information","Bad character (BC) — evidence for trial","checkbox","No","documented","Tick if this form reveals evidence of, or a disposition towards, misconduct or other reprehensible behaviour that could be introduced at trial: offences of the kind charged (including previous convictions of the same or similar description or category), other related types of offence, or the defendant's untruthfulness (e.g. perjury, deception). Both BC and DO may apply.","criminaljusticehub MG16 .docx templates — table column '* BC', explanatory block 'Evidence of Bad Character (BC) (Evidence for trial)' and footnote '* May be applicable to BOTH Bad Character and Dangerous Offender provisions (tick as appropriate)'","","",""
"MG16","Bad Character or Dangerous Offender Information","Type of information","Dangerous offender (DO) — information for sentencing","checkbox","No","documented","Tick if this form reveals information for the sentencing court on whether the defendant poses a significant risk to the public of serious harm — relevant where a specified sexual or violent offence is charged (Sentencing Act 2020 Part 10 Ch.6, Sch.18).","criminaljusticehub MG16 .docx templates — table column '* DO' and block 'Dangerous Offender (DO) information (Information for sentencing — specified offences of sex / violence)'","","",""
"MG16","Bad Character or Dangerous Offender Information","Charges and material","Brief details of charge(s) or proposed charge(s)","textarea","Yes","documented","The charge or proposed charge each entry below relates to, one per line. On the paper form each charge occupies its own table row with its own BC/DO ticks.","criminaljusticehub MG16 .docx templates — table column heading 'Brief details of charge(s) or proposed charge(s)'","","",""
"MG16","Bad Character or Dangerous Offender Information","Charges and material","Relevant evidence / information","textarea","Yes","documented","For previous convictions, give more than the PNC printout shows: MO, plea entered and basis of plea, concurrent charges, other disposals (TICs, cautions, reprimands and final warnings, PNDs) and any previous defences used, if known. Spent convictions should be referred to only exceptionally.","criminaljusticehub MG16 .docx templates — table column 'Relevant Evidence / Information' plus the printed note on previous convictions; material categories corroborated by DG6 Part 2 para 15","","",""
"MG16","Bad Character or Dangerous Offender Information","Charges and material","Evidence or information other than convictions","textarea","No","likely","Non-conviction material: outstanding investigations, acquittals, discontinuances, previous allegations made against the defendant, and incident reports (including domestic abuse and racially aggravated incidents). DG6 also lists other reprehensible behaviour such as a pattern of excessive drinking, drug use, or association with a violent gang.","criminaljusticehub MG16 .docx templates — printed note 'Evidence or information (other than convictions): includes outstanding investigations, acquittals, discontinuances, previous allegations…'; DG6 Part 2 para 15. The category is documented but the form gives it no separate box — it shares the 'Relevant Evidence / Information' column.","","",""
"MG16","Bad Character or Dangerous Offender Information","Charges and material","Relevant documentation attached","checkbox","No","likely","Tick when the supporting documentation (PNC printout, previous case papers, incident reports) is attached to the file.","criminaljusticehub MG16 .docx templates — printed instruction '(Attach relevant documentation)'. The instruction is documented; a tick box for it is not.","","",""
"MG16","Bad Character or Dangerous Offender Information","Completion","Officer completing form (rank, number or job title)","text","Yes","documented","Name, rank/job title and collar number of the officer or police staff member completing this form.","criminaljusticehub MG16 .docx templates — sign-off block 'Officer completing form (rank, number or job title)' with 'Name:'","","",""
"MG16","Bad Character or Dangerous Offender Information","Completion","Date","date","Yes","documented","Date this form was completed. It should reach the prosecutor early enough for a notice to be served in time — 20 business days after a not guilty plea in the magistrates' court, 10 in the Crown Court (CrimPR 21.4).","criminaljusticehub MG16 .docx templates — 'Date:' in the officer sign-off block; deadline in helpText from CrimPR 2025 Part 21 r.21.4","","",""
"MG16","Bad Character or Dangerous Offender Information","Completion","Signature (typed name)","text","No","likely — NOT corroborated by our checker","Typed name standing in for the completing officer's signature in this draft.","criminaljusticehub MG16_Bad_Chr.docx variant (which prints 'Signature:' lines); the other two variants and the 2010/11 specimen show only Name and Date","","",""
"MG16","Bad Character or Dangerous Offender Information","CPS use","Duty Prosecutor / reviewing lawyer","text","No","documented","Completed by the CPS on receipt — leave blank. The form is revealed to the Duty Prosecutor with the MG3 for pre-charge advice or the charging decision, or post-charge where appropriate.","criminaljusticehub MG16 .docx templates — sign-off column 'Duty Prosecutor / Reviewing lawyer' with 'Name:'","","",""
"MG16","Bad Character or Dangerous Offender Information","CPS use","Date received by prosecutor","date","No","documented","Completed by the CPS on receipt — leave blank.","criminaljusticehub MG16 .docx templates — 'Date:' in the 'Duty Prosecutor / Reviewing lawyer' column","","",""
"MG16","Bad Character or Dangerous Offender Information","CPS use","Stage of submission","select","No","guess — NOT corroborated by our checker","Whether this form accompanies a pre-charge advice request, a charging decision request (MG3), or is submitted post-charge. Options: pre-charge advice / charging decision (with MG3) / post-charge.","inference","","",""
